id,session_id,pain_score,notes,flagged,created_at
pc-s-p-maria-10,s-p-maria-10,2,,False,2026-09-16T19:11:56Z
pc-s-p-maria-9,s-p-maria-9,4,,False,2026-09-17T17:49:53Z
pc-s-p-maria-8,s-p-maria-8,4,,False,2026-09-18T18:47:21Z
pc-s-p-maria-7,s-p-maria-7,3,,False,2026-09-19T19:35:05Z
pc-s-p-maria-5,s-p-maria-5,3,,False,2026-09-21T19:35:24Z
pc-s-p-maria-4,s-p-maria-4,2,,False,2026-09-22T19:00:52Z
pc-s-p-maria-2,s-p-maria-2,3,,False,2026-09-24T18:33:00Z
pc-s-p-maria-1,s-p-maria-1,4,,False,2026-09-25T18:25:31Z
pc-s-p-james-8,s-p-james-8,4,,False,2026-09-18T18:16:41Z
pc-s-p-james-4,s-p-james-4,4,,False,2026-09-22T19:56:55Z
pc-s-p-james-1,s-p-james-1,8,"Sharp, on the inside of the knee.",True,2026-09-25T17:15:02Z
pc-s-p-aisha-9,s-p-aisha-9,2,,False,2026-09-17T17:40:56Z
pc-s-p-aisha-8,s-p-aisha-8,2,,False,2026-09-18T18:41:12Z
pc-s-p-aisha-7,s-p-aisha-7,2,,False,2026-09-19T19:17:51Z
pc-s-p-aisha-6,s-p-aisha-6,4,,False,2026-09-20T19:25:08Z
pc-s-p-aisha-4,s-p-aisha-4,3,,False,2026-09-22T19:12:05Z
pc-s-p-aisha-3,s-p-aisha-3,3,,False,2026-09-23T17:09:20Z
pc-s-p-aisha-1,s-p-aisha-1,3,,False,2026-09-25T19:05:14Z
