id,assignment_id,patient_id,joint,started_at,reps_done,max_angle,form_warnings,duration_sec
s-p-maria-10,a-p-maria,p-maria,knee,2026-09-16T19:07:00Z,10,70.6,{not_deep_enough},266
s-p-maria-9,a-p-maria,p-maria,knee,2026-09-17T17:46:00Z,8,72.6,{not_deep_enough},203
s-p-maria-8,a-p-maria,p-maria,knee,2026-09-18T18:42:00Z,10,74.0,{},291
s-p-maria-7,a-p-maria,p-maria,knee,2026-09-19T19:31:00Z,10,76.1,{},215
s-p-maria-5,a-p-maria,p-maria,knee,2026-09-21T19:31:00Z,10,78.7,"{not_deep_enough,too_fast}",234
s-p-maria-4,a-p-maria,p-maria,knee,2026-09-22T18:56:00Z,10,80.3,{},262
s-p-maria-2,a-p-maria,p-maria,knee,2026-09-24T18:28:00Z,10,83.1,{},270
s-p-maria-1,a-p-maria,p-maria,knee,2026-09-25T18:22:00Z,10,86.5,{},181
s-p-james-8,a-p-james,p-james,knee,2026-09-18T18:12:00Z,10,69.1,{not_deep_enough},251
s-p-james-4,a-p-james,p-james,knee,2026-09-22T19:53:00Z,10,75.7,{not_deep_enough},205
s-p-james-1,a-p-james,p-james,knee,2026-09-25T17:10:00Z,10,79.9,{not_deep_enough},272
s-p-aisha-9,a-p-aisha,p-aisha,knee,2026-09-17T17:37:00Z,8,73.5,{},206
s-p-aisha-8,a-p-aisha,p-aisha,knee,2026-09-18T18:37:00Z,10,75.0,{},222
s-p-aisha-7,a-p-aisha,p-aisha,knee,2026-09-19T19:14:00Z,10,78.9,{not_deep_enough},201
s-p-aisha-6,a-p-aisha,p-aisha,knee,2026-09-20T19:20:00Z,10,80.7,{},278
s-p-aisha-4,a-p-aisha,p-aisha,knee,2026-09-22T19:07:00Z,10,82.5,{},275
s-p-aisha-3,a-p-aisha,p-aisha,knee,2026-09-23T17:05:00Z,8,83.5,{},230
s-p-aisha-1,a-p-aisha,p-aisha,knee,2026-09-25T19:00:00Z,10,88.0,{too_fast},284
